"","side"
"1",1
"2",1
"3",1
"4",1
"5",1
"6",1
"7",1
"8",1
"9",1
"10",1
"11",2
"12",2
"13",2
"14",2
"15",2
"16",2
"17",2
"18",2
"19",2
"20",2
"21",1
"22",1
"23",1
"24",1
"25",1
"26",1
"27",1
"28",1
"29",1
"30",1
"31",2
"32",2
"33",2
"34",2
"35",2
"36",2
"37",2
"38",2
"39",2
"40",2
"41",1
"42",1
"43",1
"44",1
"45",1
"46",1
"47",1
"48",1
"49",1
"50",1
"51",2
"52",2
"53",2
"54",2
"55",2
"56",2
"57",2
"58",2
"59",2
"60",2
"61",1
"62",1
"63",1
"64",1
"65",1
"66",1
"67",1
"68",1
"69",1
"70",1
"71",2
"72",2
"73",2
"74",2
"75",2
"76",2
"77",2
"78",2
"79",2
"80",2
"81",1
"82",1
"83",1
"84",1
"85",1
"86",1
"87",1
"88",1
"89",1
"90",1
"91",2
"92",2
"93",2
"94",2
"95",2
"96",2
"97",2
"98",2
"99",2
"100",2
"101",1
"102",1
"103",1
"104",1
"105",1
"106",1
"107",1
"108",1
"109",1
"110",1
"111",2
"112",2
"113",2
"114",2
"115",2
"116",2
"117",2
"118",2
"119",2
"120",2
"121",1
"122",1
"123",1
"124",1
"125",1
"126",1
"127",1
"128",1
"129",1
"130",1
"131",2
"132",2
"133",2
"134",2
"135",2
"136",2
"137",2
"138",2
"139",2
"140",2
"141",1
"142",1
"143",1
"144",1
"145",1
"146",1
"147",1
"148",1
"149",1
"150",1
"151",2
"152",2
"153",2
"154",2
"155",2
"156",2
"157",2
"158",2
"159",2
"160",2
"161",1
"162",1
"163",1
"164",1
"165",1
"166",1
"167",1
"168",1
"169",1
"170",1
"171",2
"172",2
"173",2
"174",2
"175",2
"176",2
"177",2
"178",2
"179",2
"180",2
"181",1
"182",1
"183",1
"184",1
"185",1
"186",1
"187",1
"188",1
"189",1
"190",1
"191",2
"192",2
"193",2
"194",2
"195",2
"196",2
"197",2
"198",2
"199",2
"200",2
"201",1
"202",1
"203",1
"204",1
"205",1
"206",1
"207",1
"208",1
"209",1
"210",1
"211",2
"212",2
"213",2
"214",2
"215",2
"216",2
"217",2
"218",2
"219",2
"220",2
"221",1
"222",1
"223",1
"224",1
"225",1
"226",1
"227",1
"228",1
"229",1
"230",1
"231",2
"232",2
"233",2
"234",2
"235",2
"236",2
"237",2
"238",2
"239",2
"240",2
"241",1
"242",1
"243",1
"244",1
"245",1
"246",1
"247",1
"248",1
"249",1
"250",1
"251",2
"252",2
"253",2
"254",2
"255",2
"256",2
"257",2
"258",2
"259",2
"260",2
"261",1
"262",1
"263",1
"264",1
"265",1
"266",1
"267",1
"268",1
"269",1
"270",1
"271",2
"272",2
"273",2
"274",2
"275",2
"276",2
"277",2
"278",2
"279",2
"280",2
"281",1
"282",1
"283",1
"284",1
"285",1
"286",1
"287",1
"288",1
"289",1
"290",1
"291",2
"292",2
"293",2
"294",2
"295",2
"296",2
"297",2
"298",2
"299",2
"300",2
"301",1
"302",1
"303",1
"304",1
"305",1
"306",1
"307",1
"308",1
"309",1
"310",1
"311",2
"312",2
"313",2
"314",2
"315",2
"316",2
"317",2
"318",2
"319",2
"320",2
"321",1
"322",1
"323",1
"324",1
"325",1
"326",1
"327",1
"328",1
"329",1
"330",1
"331",2
"332",2
"333",2
"334",2
"335",2
"336",2
"337",2
"338",2
"339",2
"340",2
"341",1
"342",1
"343",1
"344",1
"345",1
"346",1
"347",1
"348",1
"349",1
"350",1
"351",2
"352",2
"353",2
"354",2
"355",2
"356",2
"357",2
"358",2
"359",2
"360",2
"361",1
"362",1
"363",1
"364",1
"365",1
"366",1
"367",1
"368",1
"369",1
"370",1
"371",2
"372",2
"373",2
"374",2
"375",2
"376",2
"377",2
"378",2
"379",2
"380",2
"381",1
"382",1
"383",1
"384",1
"385",1
"386",1
"387",1
"388",1
"389",1
"390",1
"391",2
"392",2
"393",2
"394",2
"395",2
"396",2
"397",2
"398",2
"399",2
"400",2
"401",1
"402",1
"403",1
"404",1
"405",1
"406",1
"407",1
"408",1
"409",1
"410",1
"411",2
"412",2
"413",2
"414",2
"415",2
"416",2
"417",2
"418",2
"419",2
"420",2
"421",1
"422",1
"423",1
"424",1
"425",1
"426",1
"427",1
"428",1
"429",1
"430",1
"431",2
"432",2
"433",2
"434",2
"435",2
"436",2
"437",2
"438",2
"439",2
"440",2
"441",1
"442",1
"443",1
"444",1
"445",1
"446",1
"447",1
"448",1
"449",1
"450",1
"451",2
"452",2
"453",2
"454",2
"455",2
"456",2
"457",2
"458",2
"459",2
"460",2
"461",1
"462",1
"463",1
"464",1
"465",1
"466",1
"467",1
"468",1
"469",1
"470",1
"471",2
"472",2
"473",2
"474",2
"475",2
"476",2
"477",2
"478",2
"479",2
"480",2
"481",1
"482",1
"483",1
"484",1
"485",1
"486",1
"487",1
"488",1
"489",1
"490",1
"491",2
"492",2
"493",2
"494",2
"495",2
"496",2
"497",2
"498",2
"499",2
"500",2
"501",1
"502",1
"503",1
"504",1
"505",1
"506",1
"507",1
"508",1
"509",1
"510",1
"511",2
"512",2
"513",2
"514",2
"515",2
"516",2
"517",2
"518",2
"519",2
"520",2
"521",1
"522",1
"523",1
"524",1
"525",1
"526",1
"527",1
"528",1
"529",1
"530",1
"531",2
"532",2
"533",2
"534",2
"535",2
"536",2
"537",2
"538",2
"539",2
"540",2
"541",1
"542",1
"543",1
"544",1
"545",1
"546",1
"547",1
"548",1
"549",1
"550",1
"551",2
"552",2
"553",2
"554",2
"555",2
"556",2
"557",2
"558",2
"559",2
"560",2
"561",1
"562",1
"563",1
"564",1
"565",1
"566",1
"567",1
"568",1
"569",1
"570",1
"571",2
"572",2
"573",2
"574",2
"575",2
"576",2
"577",2
"578",2
"579",2
"580",2
"581",1
"582",1
"583",1
"584",1
"585",1
"586",1
"587",1
"588",1
"589",1
"590",1
"591",2
"592",2
"593",2
"594",2
"595",2
"596",2
"597",2
"598",2
"599",2
"600",2
"601",1
"602",1
"603",1
"604",1
"605",1
"606",1
"607",1
"608",1
"609",1
"610",1
"611",2
"612",2
"613",2
"614",2
"615",2
"616",2
"617",2
"618",2
"619",2
"620",2
"621",1
"622",1
"623",1
"624",1
"625",1
"626",1
"627",1
"628",1
"629",1
"630",1
"631",2
"632",2
"633",2
"634",2
"635",2
"636",2
"637",2
"638",2
"639",2
"640",2
"641",1
"642",1
"643",1
"644",1
"645",1
"646",1
"647",1
"648",1
"649",1
"650",1
"651",2
"652",2
"653",2
"654",2
"655",2
"656",2
"657",2
"658",2
"659",2
"660",2
"661",1
"662",1
"663",1
"664",1
"665",1
"666",1
"667",1
"668",1
"669",1
"670",1
"671",2
"672",2
"673",2
"674",2
"675",2
"676",2
"677",2
"678",2
"679",2
"680",2
"681",1
"682",1
"683",1
"684",1
"685",1
"686",1
"687",1
"688",1
"689",1
"690",1
"691",2
"692",2
"693",2
"694",2
"695",2
"696",2
"697",2
"698",2
"699",2
"700",2
"701",1
"702",1
"703",1
"704",1
"705",1
"706",1
"707",1
"708",1
"709",1
"710",1
"711",2
"712",2
"713",2
"714",2
"715",2
"716",2
"717",2
"718",2
"719",2
"720",2
"721",1
"722",1
"723",1
"724",1
"725",1
"726",1
"727",1
"728",1
"729",1
"730",1
"731",2
"732",2
"733",2
"734",2
"735",2
"736",2
"737",2
"738",2
"739",2
"740",2
"741",1
"742",1
"743",1
"744",1
"745",1
"746",1
"747",1
"748",1
"749",1
"750",1
"751",2
"752",2
"753",2
"754",2
"755",2
"756",2
"757",2
"758",2
"759",2
"760",2
"761",1
"762",1
"763",1
"764",1
"765",1
"766",1
"767",1
"768",1
"769",1
"770",1
"771",2
"772",2
"773",2
"774",2
"775",2
"776",2
"777",2
"778",2
"779",2
"780",2
"781",1
"782",1
"783",1
"784",1
"785",1
"786",1
"787",1
"788",1
"789",1
"790",1
"791",2
"792",2
"793",2
"794",2
"795",2
"796",2
"797",2
"798",2
"799",2
"800",2
"801",1
"802",1
"803",1
"804",1
"805",1
"806",1
"807",1
"808",1
"809",1
"810",1
"811",2
"812",2
"813",2
"814",2
"815",2
"816",2
"817",2
"818",2
"819",2
"820",2
"821",1
"822",1
"823",1
"824",1
"825",1
"826",1
"827",1
"828",1
"829",1
"830",1
"831",2
"832",2
"833",2
"834",2
"835",2
"836",2
"837",2
"838",2
"839",2
"840",2
"841",1
"842",1
"843",1
"844",1
"845",1
"846",1
"847",1
"848",1
"849",1
"850",1
"851",2
"852",2
"853",2
"854",2
"855",2
"856",2
"857",2
"858",2
"859",2
"860",2
"861",1
"862",1
"863",1
"864",1
"865",1
"866",1
"867",1
"868",1
"869",1
"870",1
"871",2
"872",2
"873",2
"874",2
"875",2
"876",2
"877",2
"878",2
"879",2
"880",2
"881",1
"882",1
"883",1
"884",1
"885",1
"886",1
"887",1
"888",1
"889",1
"890",1
"891",2
"892",2
"893",2
"894",2
"895",2
"896",2
"897",2
"898",2
"899",2
"900",2
"901",1
"902",1
"903",1
"904",1
"905",1
"906",1
"907",1
"908",1
"909",1
"910",1
"911",2
"912",2
"913",2
"914",2
"915",2
"916",2
"917",2
"918",2
"919",2
"920",2
"921",1
"922",1
"923",1
"924",1
"925",1
"926",1
"927",1
"928",1
"929",1
"930",1
"931",2
"932",2
"933",2
"934",2
"935",2
"936",2
"937",2
"938",2
"939",2
"940",2
"941",1
"942",1
"943",1
"944",1
"945",1
"946",1
"947",1
"948",1
"949",1
"950",1
"951",2
"952",2
"953",2
"954",2
"955",2
"956",2
"957",2
"958",2
"959",2
"960",2
"961",1
"962",1
"963",1
"964",1
"965",1
"966",1
"967",1
"968",1
"969",1
"970",1
"971",2
"972",2
"973",2
"974",2
"975",2
"976",2
"977",2
"978",2
"979",2
"980",2
"981",1
"982",1
"983",1
"984",1
"985",1
"986",1
"987",1
"988",1
"989",1
"990",1
"991",2
"992",2
"993",2
"994",2
"995",2
"996",2
"997",2
"998",2
"999",2
"1000",2
"1001",1
"1002",1
"1003",1
"1004",1
"1005",1
"1006",1
"1007",1
"1008",1
"1009",1
"1010",1
"1011",2
"1012",2
"1013",2
"1014",2
"1015",2
"1016",2
"1017",2
"1018",2
"1019",2
"1020",2
"1021",1
"1022",1
"1023",1
"1024",1
"1025",1
"1026",1
"1027",1
"1028",1
"1029",1
"1030",1
"1031",2
"1032",2
"1033",2
"1034",2
"1035",2
"1036",2
"1037",2
"1038",2
"1039",2
"1040",2
"1041",1
"1042",1
"1043",1
"1044",1
"1045",1
"1046",1
"1047",1
"1048",1
"1049",1
"1050",1
"1051",2
"1052",2
"1053",2
"1054",2
"1055",2
"1056",2
"1057",2
"1058",2
"1059",2
"1060",2
"1061",1
"1062",1
"1063",1
"1064",1
"1065",1
"1066",1
"1067",1
"1068",1
"1069",1
"1070",1
"1071",2
"1072",2
"1073",2
"1074",2
"1075",2
"1076",2
"1077",2
"1078",2
"1079",2
"1080",2
"1081",1
"1082",1
"1083",1
"1084",1
"1085",1
"1086",1
"1087",1
"1088",1
"1089",1
"1090",1
"1091",2
"1092",2
"1093",2
"1094",2
"1095",2
"1096",2
"1097",2
"1098",2
"1099",2
"1100",2
"1101",1
"1102",1
"1103",1
"1104",1
"1105",1
"1106",1
"1107",1
"1108",1
"1109",1
"1110",1
"1111",2
"1112",2
"1113",2
"1114",2
"1115",2
"1116",2
"1117",2
"1118",2
"1119",2
"1120",2
"1121",1
"1122",1
"1123",1
"1124",1
"1125",1
"1126",1
"1127",1
"1128",1
"1129",1
"1130",1
"1131",2
"1132",2
"1133",2
"1134",2
"1135",2
"1136",2
"1137",2
"1138",2
"1139",2
"1140",2
"1141",1
"1142",1
"1143",1
"1144",1
"1145",1
"1146",1
"1147",1
"1148",1
"1149",1
"1150",1
"1151",2
"1152",2
"1153",2
"1154",2
"1155",2
"1156",2
"1157",2
"1158",2
"1159",2
"1160",2
"1161",1
"1162",1
"1163",1
"1164",1
"1165",1
"1166",1
"1167",1
"1168",1
"1169",1
"1170",1
"1171",2
"1172",2
"1173",2
"1174",2
"1175",2
"1176",2
"1177",2
"1178",2
"1179",2
"1180",2
"1181",1
"1182",1
"1183",1
"1184",1
"1185",1
"1186",1
"1187",1
"1188",1
"1189",1
"1190",1
"1191",2
"1192",2
"1193",2
"1194",2
"1195",2
"1196",2
"1197",2
"1198",2
"1199",2
"1200",2
"1201",1
"1202",1
"1203",1
"1204",1
"1205",1
"1206",1
"1207",1
"1208",1
"1209",1
"1210",1
"1211",2
"1212",2
"1213",2
"1214",2
"1215",2
"1216",2
"1217",2
"1218",2
"1219",2
"1220",2
"1221",1
"1222",1
"1223",1
"1224",1
"1225",1
"1226",1
"1227",1
"1228",1
"1229",1
"1230",1
"1231",2
"1232",2
"1233",2
"1234",2
"1235",2
"1236",2
"1237",2
"1238",2
"1239",2
"1240",2
"1241",1
"1242",1
"1243",1
"1244",1
"1245",1
"1246",1
"1247",1
"1248",1
"1249",1
"1250",1
"1251",2
"1252",2
"1253",2
"1254",2
"1255",2
"1256",2
"1257",2
"1258",2
"1259",2
"1260",2
"1261",1
"1262",1
"1263",1
"1264",1
"1265",1
"1266",1
"1267",1
"1268",1
"1269",1
"1270",1
"1271",2
"1272",2
"1273",2
"1274",2
"1275",2
"1276",2
"1277",2
"1278",2
"1279",2
"1280",2
"1281",1
"1282",1
"1283",1
"1284",1
"1285",1
"1286",1
"1287",1
"1288",1
"1289",1
"1290",1
"1291",2
"1292",2
"1293",2
"1294",2
"1295",2
"1296",2
"1297",2
"1298",2
"1299",2
"1300",2
"1301",1
"1302",1
"1303",1
"1304",1
"1305",1
"1306",1
"1307",1
"1308",1
"1309",1
"1310",1
"1311",2
"1312",2
"1313",2
"1314",2
"1315",2
"1316",2
"1317",2
"1318",2
"1319",2
"1320",2
"1321",1
"1322",1
"1323",1
"1324",1
"1325",1
"1326",1
"1327",1
"1328",1
"1329",1
"1330",1
"1331",2
"1332",2
"1333",2
"1334",2
"1335",2
"1336",2
"1337",2
"1338",2
"1339",2
"1340",2
"1341",1
"1342",1
"1343",1
"1344",1
"1345",1
"1346",1
"1347",1
"1348",1
"1349",1
"1350",1
"1351",2
"1352",2
"1353",2
"1354",2
"1355",2
"1356",2
"1357",2
"1358",2
"1359",2
"1360",2
"1361",1
"1362",1
"1363",1
"1364",1
"1365",1
"1366",1
"1367",1
"1368",1
"1369",1
"1370",1
"1371",2
"1372",2
"1373",2
"1374",2
"1375",2
"1376",2
"1377",2
"1378",2
"1379",2
"1380",2
"1381",1
"1382",1
"1383",1
"1384",1
"1385",1
"1386",1
"1387",1
"1388",1
"1389",1
"1390",1
"1391",2
"1392",2
"1393",2
"1394",2
"1395",2
"1396",2
"1397",2
"1398",2
"1399",2
"1400",2
"1401",1
"1402",1
"1403",1
"1404",1
"1405",1
"1406",1
"1407",1
"1408",1
"1409",1
"1410",1
"1411",2
"1412",2
"1413",2
"1414",2
"1415",2
"1416",2
"1417",2
"1418",2
"1419",2
"1420",2
"1421",1
"1422",1
"1423",1
"1424",1
"1425",1
"1426",1
"1427",1
"1428",1
"1429",1
"1430",1
"1431",2
"1432",2
"1433",2
"1434",2
"1435",2
"1436",2
"1437",2
"1438",2
"1439",2
"1440",2
"1441",1
"1442",1
"1443",1
"1444",1
"1445",1
"1446",1
"1447",1
"1448",1
"1449",1
"1450",1
"1451",2
"1452",2
"1453",2
"1454",2
"1455",2
"1456",2
"1457",2
"1458",2
"1459",2
"1460",2
"1461",1
"1462",1
"1463",1
"1464",1
"1465",1
"1466",1
"1467",1
"1468",1
"1469",1
"1470",1
"1471",2
"1472",2
"1473",2
"1474",2
"1475",2
"1476",2
"1477",2
"1478",2
"1479",2
"1480",2
"1481",1
"1482",1
"1483",1
"1484",1
"1485",1
"1486",1
"1487",1
"1488",1
"1489",1
"1490",1
"1491",2
"1492",2
"1493",2
"1494",2
"1495",2
"1496",2
"1497",2
"1498",2
"1499",2
"1500",2
"1501",1
"1502",1
"1503",1
"1504",1
"1505",1
"1506",1
"1507",1
"1508",1
"1509",1
"1510",1
"1511",2
"1512",2
"1513",2
"1514",2
"1515",2
"1516",2
"1517",2
"1518",2
"1519",2
"1520",2
"1521",1
"1522",1
"1523",1
"1524",1
"1525",1
"1526",1
"1527",1
"1528",1
"1529",1
"1530",1
"1531",2
"1532",2
"1533",2
"1534",2
"1535",2
"1536",2
"1537",2
"1538",2
"1539",2
"1540",2
"1541",1
"1542",1
"1543",1
"1544",1
"1545",1
"1546",1
"1547",1
"1548",1
"1549",1
"1550",1
"1551",2
"1552",2
"1553",2
"1554",2
"1555",2
"1556",2
"1557",2
"1558",2
"1559",2
"1560",2
"1561",1
"1562",1
"1563",1
"1564",1
"1565",1
"1566",1
"1567",1
"1568",1
"1569",1
"1570",1
"1571",2
"1572",2
"1573",2
"1574",2
"1575",2
"1576",2
"1577",2
"1578",2
"1579",2
"1580",2
"1581",1
"1582",1
"1583",1
"1584",1
"1585",1
"1586",1
"1587",1
"1588",1
"1589",1
"1590",1
"1591",2
"1592",2
"1593",2
"1594",2
"1595",2
"1596",2
"1597",2
"1598",2
"1599",2
"1600",2
"1601",1
"1602",1
"1603",1
"1604",1
"1605",1
"1606",1
"1607",1
"1608",1
"1609",1
"1610",1
"1611",2
"1612",2
"1613",2
"1614",2
"1615",2
"1616",2
"1617",2
"1618",2
"1619",2
"1620",2
"1621",1
"1622",1
"1623",1
"1624",1
"1625",1
"1626",1
"1627",1
"1628",1
"1629",1
"1630",1
"1631",2
"1632",2
"1633",2
"1634",2
"1635",2
"1636",2
"1637",2
"1638",2
"1639",2
"1640",2
"1641",1
"1642",1
"1643",1
"1644",1
"1645",1
"1646",1
"1647",1
"1648",1
"1649",1
"1650",1
"1651",2
"1652",2
"1653",2
"1654",2
"1655",2
"1656",2
"1657",2
"1658",2
"1659",2
"1660",2
"1661",1
"1662",1
"1663",1
"1664",1
"1665",1
"1666",1
"1667",1
"1668",1
"1669",1
"1670",1
"1671",2
"1672",2
"1673",2
"1674",2
"1675",2
"1676",2
"1677",2
"1678",2
"1679",2
"1680",2
"1681",1
"1682",1
"1683",1
"1684",1
"1685",1
"1686",1
"1687",1
"1688",1
"1689",1
"1690",1
"1691",2
"1692",2
"1693",2
"1694",2
"1695",2
"1696",2
"1697",2
"1698",2
"1699",2
"1700",2
"1701",1
"1702",1
"1703",1
"1704",1
"1705",1
"1706",1
"1707",1
"1708",1
"1709",1
"1710",1
"1711",2
"1712",2
"1713",2
"1714",2
"1715",2
"1716",2
"1717",2
"1718",2
"1719",2
"1720",2
"1721",1
"1722",1
"1723",1
"1724",1
"1725",1
"1726",1
"1727",1
"1728",1
"1729",1
"1730",1
"1731",2
"1732",2
"1733",2
"1734",2
"1735",2
"1736",2
"1737",2
"1738",2
"1739",2
"1740",2
"1741",1
"1742",1
"1743",1
"1744",1
"1745",1
"1746",1
"1747",1
"1748",1
"1749",1
"1750",1
"1751",2
"1752",2
"1753",2
"1754",2
"1755",2
"1756",2
"1757",2
"1758",2
"1759",2
"1760",2
"1761",1
"1762",1
"1763",1
"1764",1
"1765",1
"1766",1
"1767",1
"1768",1
"1769",1
"1770",1
"1771",2
"1772",2
"1773",2
"1774",2
"1775",2
"1776",2
"1777",2
"1778",2
"1779",2
"1780",2
"1781",1
"1782",1
"1783",1
"1784",1
"1785",1
"1786",1
"1787",1
"1788",1
"1789",1
"1790",1
"1791",2
"1792",2
"1793",2
"1794",2
"1795",2
"1796",2
"1797",2
"1798",2
"1799",2
"1800",2
"1801",1
"1802",1
"1803",1
"1804",1
"1805",1
"1806",1
"1807",1
"1808",1
"1809",1
"1810",1
"1811",2
"1812",2
"1813",2
"1814",2
"1815",2
"1816",2
"1817",2
"1818",2
"1819",2
"1820",2
"1821",1
"1822",1
"1823",1
"1824",1
"1825",1
"1826",1
"1827",1
"1828",1
"1829",1
"1830",1
"1831",2
"1832",2
"1833",2
"1834",2
"1835",2
"1836",2
"1837",2
"1838",2
"1839",2
"1840",2
"1841",1
"1842",1
"1843",1
"1844",1
"1845",1
"1846",1
"1847",1
"1848",1
"1849",1
"1850",1
"1851",2
"1852",2
"1853",2
"1854",2
"1855",2
"1856",2
"1857",2
"1858",2
"1859",2
"1860",2
"1861",1
"1862",1
"1863",1
"1864",1
"1865",1
"1866",1
"1867",1
"1868",1
"1869",1
"1870",1
"1871",2
"1872",2
"1873",2
"1874",2
"1875",2
"1876",2
"1877",2
"1878",2
"1879",2
"1880",2
"1881",1
"1882",1
"1883",1
"1884",1
"1885",1
"1886",1
"1887",1
"1888",1
"1889",1
"1890",1
"1891",2
"1892",2
"1893",2
"1894",2
"1895",2
"1896",2
"1897",2
"1898",2
"1899",2
"1900",2
"1901",1
"1902",1
"1903",1
"1904",1
"1905",1
"1906",1
"1907",1
"1908",1
"1909",1
"1910",1
"1911",2
"1912",2
"1913",2
"1914",2
"1915",2
"1916",2
"1917",2
"1918",2
"1919",2
"1920",2
"1921",1
"1922",1
"1923",1
"1924",1
"1925",1
"1926",1
"1927",1
"1928",1
"1929",1
"1930",1
"1931",2
"1932",2
"1933",2
"1934",2
"1935",2
"1936",2
"1937",2
"1938",2
"1939",2
"1940",2
"1941",1
"1942",1
"1943",1
"1944",1
"1945",1
"1946",1
"1947",1
"1948",1
"1949",1
"1950",1
"1951",2
"1952",2
"1953",2
"1954",2
"1955",2
"1956",2
"1957",2
"1958",2
"1959",2
"1960",2
"1961",1
"1962",1
"1963",1
"1964",1
"1965",1
"1966",1
"1967",1
"1968",1
"1969",1
"1970",1
"1971",2
"1972",2
"1973",2
"1974",2
"1975",2
"1976",2
"1977",2
"1978",2
"1979",2
"1980",2
"1981",1
"1982",1
"1983",1
"1984",1
"1985",1
"1986",1
"1987",1
"1988",1
"1989",1
"1990",1
"1991",2
"1992",2
"1993",2
"1994",2
"1995",2
"1996",2
"1997",2
"1998",2
"1999",2
"2000",2
"2001",1
"2002",1
"2003",1
"2004",1
"2005",1
"2006",1
"2007",1
"2008",1
"2009",1
"2010",1
"2011",2
"2012",2
"2013",2
"2014",2
"2015",2
"2016",2
"2017",2
"2018",2
"2019",2
"2020",2
"2021",1
"2022",1
"2023",1
"2024",1
"2025",1
"2026",1
"2027",1
"2028",1
"2029",1
"2030",1
"2031",2
"2032",2
"2033",2
"2034",2
"2035",2
"2036",2
"2037",2
"2038",2
"2039",2
"2040",2
"2041",1
"2042",1
"2043",1
"2044",1
"2045",1
"2046",1
"2047",1
"2048",1
"2049",1
"2050",1
"2051",2
"2052",2
"2053",2
"2054",2
"2055",2
"2056",2
"2057",2
"2058",2
"2059",2
"2060",2
"2061",1
"2062",1
"2063",1
"2064",1
"2065",1
"2066",1
"2067",1
"2068",1
"2069",1
"2070",1
"2071",2
"2072",2
"2073",2
"2074",2
"2075",2
"2076",2
"2077",2
"2078",2
"2079",2
"2080",2
"2081",1
"2082",1
"2083",1
"2084",1
"2085",1
"2086",1
"2087",1
"2088",1
"2089",1
"2090",1
"2091",2
"2092",2
"2093",2
"2094",2
"2095",2
"2096",2
"2097",2
"2098",2
"2099",2
"2100",2
"2101",1
"2102",1
"2103",1
"2104",1
"2105",1
"2106",1
"2107",1
"2108",1
"2109",1
"2110",1
"2111",2
"2112",2
"2113",2
"2114",2
"2115",2
"2116",2
"2117",2
"2118",2
"2119",2
"2120",2
"2121",1
"2122",1
"2123",1
"2124",1
"2125",1
"2126",1
"2127",1
"2128",1
"2129",1
"2130",1
"2131",2
"2132",2
"2133",2
"2134",2
"2135",2
"2136",2
"2137",2
"2138",2
"2139",2
"2140",2
"2141",1
"2142",1
"2143",1
"2144",1
"2145",1
"2146",1
"2147",1
"2148",1
"2149",1
"2150",1
"2151",2
"2152",2
"2153",2
"2154",2
"2155",2
"2156",2
"2157",2
"2158",2
"2159",2
"2160",2
"2161",1
"2162",1
"2163",1
"2164",1
"2165",1
"2166",1
"2167",1
"2168",1
"2169",1
"2170",1
"2171",2
"2172",2
"2173",2
"2174",2
"2175",2
"2176",2
"2177",2
"2178",2
"2179",2
"2180",2
"2181",1
"2182",1
"2183",1
"2184",1
"2185",1
"2186",1
"2187",1
"2188",1
"2189",1
"2190",1
"2191",2
"2192",2
"2193",2
"2194",2
"2195",2
"2196",2
"2197",2
"2198",2
"2199",2
"2200",2
"2201",1
"2202",1
"2203",1
"2204",1
"2205",1
"2206",1
"2207",1
"2208",1
"2209",1
"2210",1
"2211",2
"2212",2
"2213",2
"2214",2
"2215",2
"2216",2
"2217",2
"2218",2
"2219",2
"2220",2
"2221",1
"2222",1
"2223",1
"2224",1
"2225",1
"2226",1
"2227",1
"2228",1
"2229",1
"2230",1
"2231",2
"2232",2
"2233",2
"2234",2
"2235",2
"2236",2
"2237",2
"2238",2
"2239",2
"2240",2
"2241",1
"2242",1
"2243",1
"2244",1
"2245",1
"2246",1
"2247",1
"2248",1
"2249",1
"2250",1
"2251",2
"2252",2
"2253",2
"2254",2
"2255",2
"2256",2
"2257",2
"2258",2
"2259",2
"2260",2
"2261",1
"2262",1
"2263",1
"2264",1
"2265",1
"2266",1
"2267",1
"2268",1
"2269",1
"2270",1
"2271",2
"2272",2
"2273",2
"2274",2
"2275",2
"2276",2
"2277",2
"2278",2
"2279",2
"2280",2
"2281",1
"2282",1
"2283",1
"2284",1
"2285",1
"2286",1
"2287",1
"2288",1
"2289",1
"2290",1
"2291",2
"2292",2
"2293",2
"2294",2
"2295",2
"2296",2
"2297",2
"2298",2
"2299",2
"2300",2
"2301",1
"2302",1
"2303",1
"2304",1
"2305",1
"2306",1
"2307",1
"2308",1
"2309",1
"2310",1
"2311",2
"2312",2
"2313",2
"2314",2
"2315",2
"2316",2
"2317",2
"2318",2
"2319",2
"2320",2
"2321",1
"2322",1
"2323",1
"2324",1
"2325",1
"2326",1
"2327",1
"2328",1
"2329",1
"2330",1
"2331",2
"2332",2
"2333",2
"2334",2
"2335",2
"2336",2
"2337",2
"2338",2
"2339",2
"2340",2
"2341",1
"2342",1
"2343",1
"2344",1
"2345",1
"2346",1
"2347",1
"2348",1
"2349",1
"2350",1
"2351",2
"2352",2
"2353",2
"2354",2
"2355",2
"2356",2
"2357",2
"2358",2
"2359",2
"2360",2
"2361",1
"2362",1
"2363",1
"2364",1
"2365",1
"2366",1
"2367",1
"2368",1
"2369",1
"2370",1
"2371",2
"2372",2
"2373",2
"2374",2
"2375",2
"2376",2
"2377",2
"2378",2
"2379",2
"2380",2
"2381",1
"2382",1
"2383",1
"2384",1
"2385",1
"2386",1
"2387",1
"2388",1
"2389",1
"2390",1
"2391",2
"2392",2
"2393",2
"2394",2
"2395",2
"2396",2
"2397",2
"2398",2
"2399",2
"2400",2
"2401",1
"2402",1
"2403",1
"2404",1
"2405",1
"2406",1
"2407",1
"2408",1
"2409",1
"2410",1
"2411",2
"2412",2
"2413",2
"2414",2
"2415",2
"2416",2
"2417",2
"2418",2
"2419",2
"2420",2
"2421",1
"2422",1
"2423",1
"2424",1
"2425",1
"2426",1
"2427",1
"2428",1
"2429",1
"2430",1
"2431",2
"2432",2
"2433",2
"2434",2
"2435",2
"2436",2
"2437",2
"2438",2
"2439",2
"2440",2
"2441",1
"2442",1
"2443",1
"2444",1
"2445",1
"2446",1
"2447",1
"2448",1
"2449",1
"2450",1
"2451",2
"2452",2
"2453",2
"2454",2
"2455",2
"2456",2
"2457",2
"2458",2
"2459",2
"2460",2
"2461",1
"2462",1
"2463",1
"2464",1
"2465",1
"2466",1
"2467",1
"2468",1
"2469",1
"2470",1
"2471",2
"2472",2
"2473",2
"2474",2
"2475",2
"2476",2
"2477",2
"2478",2
"2479",2
"2480",2
"2481",1
"2482",1
"2483",1
"2484",1
"2485",1
"2486",1
"2487",1
"2488",1
"2489",1
"2490",1
"2491",2
"2492",2
"2493",2
"2494",2
"2495",2
"2496",2
"2497",2
"2498",2
"2499",2
"2500",2
"2501",1
"2502",1
"2503",1
"2504",1
"2505",1
"2506",1
"2507",1
"2508",1
"2509",1
"2510",1
"2511",2
"2512",2
"2513",2
"2514",2
"2515",2
"2516",2
"2517",2
"2518",2
"2519",2
"2520",2
"2521",1
"2522",1
"2523",1
"2524",1
"2525",1
"2526",1
"2527",1
"2528",1
"2529",1
"2530",1
"2531",2
"2532",2
"2533",2
"2534",2
"2535",2
"2536",2
"2537",2
"2538",2
"2539",2
"2540",2
"2541",1
"2542",1
"2543",1
"2544",1
"2545",1
"2546",1
"2547",1
"2548",1
"2549",1
"2550",1
"2551",2
"2552",2
"2553",2
"2554",2
"2555",2
"2556",2
"2557",2
"2558",2
"2559",2
"2560",2
"2561",1
"2562",1
"2563",1
"2564",1
"2565",1
"2566",1
"2567",1
"2568",1
"2569",1
"2570",1
"2571",2
"2572",2
"2573",2
"2574",2
"2575",2
"2576",2
"2577",2
"2578",2
"2579",2
"2580",2
"2581",1
"2582",1
"2583",1
"2584",1
"2585",1
"2586",1
"2587",1
"2588",1
"2589",1
"2590",1
"2591",2
"2592",2
"2593",2
"2594",2
"2595",2
"2596",2
"2597",2
"2598",2
"2599",2
"2600",2
"2601",1
"2602",1
"2603",1
"2604",1
"2605",1
"2606",1
"2607",1
"2608",1
"2609",1
"2610",1
"2611",2
"2612",2
"2613",2
"2614",2
"2615",2
"2616",2
"2617",2
"2618",2
"2619",2
"2620",2
"2621",1
"2622",1
"2623",1
"2624",1
"2625",1
"2626",1
"2627",1
"2628",1
"2629",1
"2630",1
"2631",2
"2632",2
"2633",2
"2634",2
"2635",2
"2636",2
"2637",2
"2638",2
"2639",2
"2640",2
"2641",1
"2642",1
"2643",1
"2644",1
"2645",1
"2646",1
"2647",1
"2648",1
"2649",1
"2650",1
"2651",2
"2652",2
"2653",2
"2654",2
"2655",2
"2656",2
"2657",2
"2658",2
"2659",2
"2660",2
"2661",1
"2662",1
"2663",1
"2664",1
"2665",1
"2666",1
"2667",1
"2668",1
"2669",1
"2670",1
"2671",2
"2672",2
"2673",2
"2674",2
"2675",2
"2676",2
"2677",2
"2678",2
"2679",2
"2680",2
"2681",1
"2682",1
"2683",1
"2684",1
"2685",1
"2686",1
"2687",1
"2688",1
"2689",1
"2690",1
"2691",2
"2692",2
"2693",2
"2694",2
"2695",2
"2696",2
"2697",2
"2698",2
"2699",2
"2700",2
"2701",1
"2702",1
"2703",1
"2704",1
"2705",1
"2706",1
"2707",1
"2708",1
"2709",1
"2710",1
"2711",2
"2712",2
"2713",2
"2714",2
"2715",2
"2716",2
"2717",2
"2718",2
"2719",2
"2720",2
"2721",1
"2722",1
"2723",1
"2724",1
"2725",1
"2726",1
"2727",1
"2728",1
"2729",1
"2730",1
"2731",2
"2732",2
"2733",2
"2734",2
"2735",2
"2736",2
"2737",2
"2738",2
"2739",2
"2740",2
"2741",1
"2742",1
"2743",1
"2744",1
"2745",1
"2746",1
"2747",1
"2748",1
"2749",1
"2750",1
"2751",2
"2752",2
"2753",2
"2754",2
"2755",2
"2756",2
"2757",2
"2758",2
"2759",2
"2760",2
"2761",1
"2762",1
"2763",1
"2764",1
"2765",1
"2766",1
"2767",1
"2768",1
"2769",1
"2770",1
"2771",2
"2772",2
"2773",2
"2774",2
"2775",2
"2776",2
"2777",2
"2778",2
"2779",2
"2780",2
"2781",1
"2782",1
"2783",1
"2784",1
"2785",1
"2786",1
"2787",1
"2788",1
"2789",1
"2790",1
"2791",2
"2792",2
"2793",2
"2794",2
"2795",2
"2796",2
"2797",2
"2798",2
"2799",2
"2800",2
"2801",1
"2802",1
"2803",1
"2804",1
"2805",1
"2806",1
"2807",1
"2808",1
"2809",1
"2810",1
"2811",2
"2812",2
"2813",2
"2814",2
"2815",2
"2816",2
"2817",2
"2818",2
"2819",2
"2820",2
"2821",1
"2822",1
"2823",1
"2824",1
"2825",1
"2826",1
"2827",1
"2828",1
"2829",1
"2830",1
"2831",2
"2832",2
"2833",2
"2834",2
"2835",2
"2836",2
"2837",2
"2838",2
"2839",2
"2840",2
"2841",1
"2842",1
"2843",1
"2844",1
"2845",1
"2846",1
"2847",1
"2848",1
"2849",1
"2850",1
"2851",2
"2852",2
"2853",2
"2854",2
"2855",2
"2856",2
"2857",2
"2858",2
"2859",2
"2860",2
"2861",1
"2862",1
"2863",1
"2864",1
"2865",1
"2866",1
"2867",1
"2868",1
"2869",1
"2870",1
"2871",2
"2872",2
"2873",2
"2874",2
"2875",2
"2876",2
"2877",2
"2878",2
"2879",2
"2880",2
"2881",1
"2882",1
"2883",1
"2884",1
"2885",1
"2886",1
"2887",1
"2888",1
"2889",1
"2890",1
"2891",2
"2892",2
"2893",2
"2894",2
"2895",2
"2896",2
"2897",2
"2898",2
"2899",2
"2900",2
"2901",1
"2902",1
"2903",1
"2904",1
"2905",1
"2906",1
"2907",1
"2908",1
"2909",1
"2910",1
"2911",2
"2912",2
"2913",2
"2914",2
"2915",2
"2916",2
"2917",2
"2918",2
"2919",2
"2920",2
"2921",1
"2922",1
"2923",1
"2924",1
"2925",1
"2926",1
"2927",1
"2928",1
"2929",1
"2930",1
"2931",2
"2932",2
"2933",2
"2934",2
"2935",2
"2936",2
"2937",2
"2938",2
"2939",2
"2940",2
"2941",1
"2942",1
"2943",1
"2944",1
"2945",1
"2946",1
"2947",1
"2948",1
"2949",1
"2950",1
"2951",2
"2952",2
"2953",2
"2954",2
"2955",2
"2956",2
"2957",2
"2958",2
"2959",2
"2960",2
"2961",1
"2962",1
"2963",1
"2964",1
"2965",1
"2966",1
"2967",1
"2968",1
"2969",1
"2970",1
"2971",2
"2972",2
"2973",2
"2974",2
"2975",2
"2976",2
"2977",2
"2978",2
"2979",2
"2980",2
"2981",1
"2982",1
"2983",1
"2984",1
"2985",1
"2986",1
"2987",1
"2988",1
"2989",1
"2990",1
"2991",2
"2992",2
"2993",2
"2994",2
"2995",2
"2996",2
"2997",2
"2998",2
"2999",2
"3000",2
"3001",1
"3002",1
"3003",1
"3004",1
"3005",1
"3006",1
"3007",1
"3008",1
"3009",1
"3010",1
"3011",2
"3012",2
"3013",2
"3014",2
"3015",2
"3016",2
"3017",2
"3018",2
"3019",2
"3020",2
"3021",1
"3022",1
"3023",1
"3024",1
"3025",1
"3026",1
"3027",1
"3028",1
"3029",1
"3030",1
"3031",2
"3032",2
"3033",2
"3034",2
"3035",2
"3036",2
"3037",2
"3038",2
"3039",2
"3040",2
"3041",1
"3042",1
"3043",1
"3044",1
"3045",1
"3046",1
"3047",1
"3048",1
"3049",1
"3050",1
"3051",2
"3052",2
"3053",2
"3054",2
"3055",2
"3056",2
"3057",2
"3058",2
"3059",2
"3060",2
"3061",1
"3062",1
"3063",1
"3064",1
"3065",1
"3066",1
"3067",1
"3068",1
"3069",1
"3070",1
"3071",2
"3072",2
"3073",2
"3074",2
"3075",2
"3076",2
"3077",2
"3078",2
"3079",2
"3080",2
